{"cameraMode":{"drawMode":0,"name":"Shaded","section":"Shading Mode"},"sceneLighting":true,"audioPlay":false,"sceneViewState":{"showFog":true,"showMaterialUpdate":false,"showSkybox":true,"showFlares":true,"showImageEffects":true,"showParticleSystems":true},"in2DMode":false,"pivot":{"x":-1.3216683864593506,"y":6.864506721496582,"z":-9.488838195800782},"rotation":{"x":-0.013740584254264832,"y":0.9862079620361328,"z":-0.11141890287399292,"w":-0.12162189930677414},"size":46.225311279296878,"orthographic":false}