{"cameraMode":{"drawMode":0,"name":"Shaded","section":"Shading Mode"},"sceneLighting":true,"audioPlay":false,"sceneViewState":{"showFog":true,"showMaterialUpdate":false,"showSkybox":true,"showFlares":true,"showImageEffects":true,"showParticleSystems":true},"in2DMode":false,"pivot":{"x":0.32483506202697756,"y":7.19963264465332,"z":-8.717663764953614},"rotation":{"x":-0.14877867698669434,"y":0.46456804871559145,"z":-0.07951152324676514,"w":-0.8693474531173706},"size":12.691936492919922,"orthographic":false}