{"cameraMode":{"drawMode":0,"name":"Shaded","section":"Shading Mode"},"sceneLighting":true,"audioPlay":false,"sceneViewState":{"showFog":true,"showMaterialUpdate":false,"showSkybox":true,"showFlares":true,"showImageEffects":true,"showParticleSystems":true},"in2DMode":false,"pivot":{"x":-0.1631753295660019,"y":7.012392997741699,"z":-9.75},"rotation":{"x":-0.04415542632341385,"y":0.9516706466674805,"z":-0.2557152509689331,"w":-0.16436074674129487},"size":12.691932678222657,"orthographic":false}