{"cameraMode":{"drawMode":0,"name":"Shaded","section":"Shading Mode"},"sceneLighting":true,"audioPlay":false,"sceneViewState":{"showFog":true,"showMaterialUpdate":false,"showSkybox":true,"showFlares":true,"showImageEffects":true,"showParticleSystems":true},"in2DMode":false,"pivot":{"x":-0.7617092132568359,"y":0.5,"z":3.1704092025756838},"rotation":{"x":-0.17558512091636659,"y":0.09346526116132736,"z":-0.016748176887631418,"w":-0.979874312877655},"size":8.022706985473633,"orthographic":false}