{"cameraMode":{"drawMode":0,"name":"Shaded","section":"Shading Mode"},"sceneLighting":true,"audioPlay":false,"sceneViewState":{"showFog":true,"showMaterialUpdate":false,"showSkybox":true,"showFlares":true,"showImageEffects":true,"showParticleSystems":true},"in2DMode":false,"pivot":{"x":-0.1631753295660019,"y":7.012392997741699,"z":-9.75},"rotation":{"x":0.0116049749776721,"y":0.9866671562194824,"z":-0.08158528804779053,"w":0.14034807682037354},"size":7.820754051208496,"orthographic":false}