{"cameraMode":{"drawMode":0,"name":"Shaded","section":"Shading Mode"},"sceneLighting":true,"audioPlay":false,"sceneViewState":{"showFog":true,"showMaterialUpdate":false,"showSkybox":true,"showFlares":true,"showImageEffects":true,"showParticleSystems":true},"in2DMode":false,"pivot":{"x":2.0986156463623049,"y":6.354012489318848,"z":-9.952329635620118},"rotation":{"x":-0.27266547083854678,"y":-0.0933571606874466,"z":0.02659660205245018,"w":-0.9572296142578125},"size":12.761972427368164,"orthographic":false}