{"cameraMode":{"drawMode":0,"name":"Shaded","section":"Shading Mode"},"sceneLighting":false,"audioPlay":false,"sceneViewState":{"showFog":true,"showMaterialUpdate":false,"showSkybox":false,"showFlares":true,"showImageEffects":true,"showParticleSystems":true},"in2DMode":false,"pivot":{"x":460.58782958984377,"y":254.94277954101563,"z":53.07379150390625},"rotation":{"x":-0.1572730839252472,"y":0.11406435817480087,"z":-0.01829609088599682,"w":-0.9807988405227661},"size":854.8733520507813,"orthographic":false}